,rewards,successes
0,-0.7777652740478516,False
1,-0.7853775024414062,False
2,1.1745243072509766,False
3,0.04900169372558594,False
4,-1.6135807037353516,False
5,-0.041420936584472656,False
6,-1.3082733154296875,False
7,-2.3475427627563477,False
8,-1.451786994934082,False
9,-0.23128223419189453,False
